#{"t_start": 1650767050.5530398, "env_id": "PandaGraspDepthDense-v1"}
r,l,t
-16.997827,50,3.361722
-8.814192,50,6.665939
-10.687622,50,10.478989
-6.463721,50,14.239588
-17.784099,50,18.150336
-1.523656,10,19.110643
-14.064746,50,22.466476
-8.217396,50,25.746933
-11.211372,50,29.016946
-15.095485,50,33.465164
-9.413975,50,36.982189
-8.797469,50,40.468362
-10.047596,50,44.252947
-9.219265,50,47.474993
-9.382008,50,50.764148
-11.909146,50,54.12717
-19.010241,50,58.107884
-10.803486,50,61.438244
-12.1192,50,64.833161
-15.549226,50,68.346474
-12.364739,50,71.631062
-10.048886,50,75.076933
-12.870833,50,78.334078
-8.328431,50,81.735722
-14.621141,50,85.101526
-11.384822,50,88.42712
-10.103152,50,91.7394
-8.668314,50,95.342
-14.955929,50,98.579112
-6.769161,50,101.866703
-9.264559,50,105.596396
-11.662738,50,108.878972
-12.42155,50,112.160812
-12.627351,50,115.477402
-21.530345,50,118.966212
-9.037523,50,122.234959
-11.520021,50,125.880739
-8.982077,50,129.62158
-9.407197,50,132.911464
-15.920409,50,136.190936
-11.28199,50,139.487417
-8.99841,50,142.767995
-18.111096,50,146.080914
-8.077622,50,149.333897
-6.935671,50,152.612219
-8.991649,50,156.363362
-8.54269,50,160.095517
-10.269308,50,163.838554
-8.405542,50,167.129881
-13.641957,50,170.877944
-9.352214,50,174.137542
-9.61368,50,177.430305
-13.726787,50,181.173746
-8.774402,50,184.874011
-8.804912,50,188.281338
-7.655025,50,191.562258
-8.443405,50,194.849128
-9.37503,50,198.435805
-14.027188,50,201.703166
-13.119693,50,205.084094
-9.958002,50,208.381695
-15.43853,50,211.975709
-5.511751,50,215.251272
-21.035019,50,218.547076
-14.615262,50,221.955197
-1.152588,10,222.622586
-8.477903,50,225.900409
-12.790455,50,229.806095
-15.227108,50,233.078729
-10.326373,50,236.368792
-9.496761,50,239.911762
-8.424869,50,243.190686
-6.613033,50,246.413775
-11.320448,50,249.665492
-12.574581,50,252.950172
-10.607615,50,256.451391
-10.081826,50,259.704138
-12.118378,50,263.124972
-19.77705,50,266.344703
-16.582491,50,269.60447
-31.377569,50,272.89287
-18.697598,50,276.149421
-9.401525,50,279.47183
-18.145263,50,283.132102
-12.154006,50,286.406635
-17.918145,50,289.644003
-9.14419,50,292.917054
-9.909669,50,296.203592
-9.056834,50,299.492106
-14.494962,50,303.179893
-12.790344,50,306.457527
-10.341644,50,309.999037
-16.423988,50,313.413417
-13.828759,50,316.851298
-11.934272,50,320.881378
-6.398494,50,324.157606
-8.500255,50,327.41096
-10.942634,50,330.711202
-13.112743,50,333.992743
-11.788953,50,337.674278
-10.085719,50,340.959856
-12.628965,50,346.217851
-10.799015,50,349.489681
-9.853154,50,352.758142
-11.427031,50,356.026442
-8.707536,50,359.692123
-1.256277,10,360.452532
-9.056061,50,363.718043
-6.612906,50,367.308925
-11.361135,50,370.575707
-17.82621,50,373.845755
-8.263684,50,377.213897
-15.790862,50,380.477769
-12.474776,50,383.752459
-17.417329,50,387.038406
-16.702768,50,390.293286
-9.93692,50,393.530709
-14.973418,50,396.80618
-8.386951,50,400.094959
-15.092601,50,403.361742
-19.917953,50,406.7433
-10.989357,50,410.316447
-13.274,50,413.920259
-11.810833,50,417.234413
-17.784737,50,420.472563
-15.12772,50,423.734241
-12.050548,50,427.011674
-6.544303,50,430.262517
-11.800037,50,434.103648
-9.377849,50,437.358195
-9.199648,50,440.603198
-12.787843,50,443.892534
-8.626028,50,447.191992
-9.51943,50,450.430197
-15.868706,50,453.64994
-7.167601,50,456.933871
-11.267361,50,460.177593
-28.070686,50,463.457078
-8.648677,50,466.747911
-10.249537,50,470.05743
-15.07949,50,473.425923
-11.208374,50,477.28243
-15.850975,50,480.542275
-8.370904,50,483.821909
-14.180722,50,487.089895
-9.115276,50,490.690974
-11.540683,50,493.968341
-6.944566,50,497.625141
-13.506757,50,501.036052
-12.792062,50,504.289889
-10.094122,50,507.671389
-6.245898,45,510.594878
-13.640045,50,513.847978
-27.133257,50,517.06733
-19.480257,50,520.281494
-12.79214,50,523.541364
-7.237674,50,526.807273
-10.520617,50,530.036766
-7.651621,50,533.327792
-17.383415,50,536.5883
-8.76906,50,539.836275
-15.581037,50,543.232764
-10.490989,50,547.372968
-7.517177,50,550.64278
-17.550965,50,553.911494
-11.492875,50,557.152051
-8.209871,50,560.39453
-12.084202,50,563.632272
-10.928595,50,566.86045
-27.32481,50,570.783229
-10.530228,50,574.040818
-13.220269,50,577.258566
-10.734866,50,580.506392
-10.309459,50,583.749523
-7.113731,50,587.024646
-9.44806,50,590.304276
-9.973819,50,593.69569
-8.352487,50,596.98077
-13.405021,50,600.332898
-10.172662,50,603.719316
-9.372263,50,606.979675
-13.031467,50,611.145258
-1.569249,16,612.671538
-11.220758,50,617.134374
-5.295896,50,621.232037
-22.651431,50,625.43662
-6.17777,50,628.721136
-6.984229,50,631.98576
-14.002805,50,635.247588
-10.20185,50,638.814808
-7.543236,50,642.0582
-8.542583,50,645.302937
-11.940987,50,648.564996
-18.592666,50,651.827627
-16.352313,50,655.070066
-18.968518,50,658.336297
-14.918819,50,661.579582
-8.655874,50,665.113524
-11.420774,50,668.737356
-14.374034,50,671.925686
-12.75259,50,675.119319
-6.5379,50,678.826007
-16.234207,50,682.097608
-9.694225,50,685.41991
-11.166847,50,688.689741
-14.596503,50,692.078968
-10.034288,50,697.306125
-9.458458,50,701.319697
-12.764298,50,704.556459
-11.890481,50,707.828361
-6.023133,50,711.096227
-10.313283,50,714.368168
-12.26461,50,717.625901
-10.854928,50,720.832942
-13.541158,50,724.240987
-11.780546,50,727.514719
-9.745835,50,730.775715
-10.537623,50,734.014353
-10.128631,50,737.246383
-6.849209,50,740.455109
-12.127398,50,743.697073
-15.235395,50,746.925126
-11.025283,50,750.202482
-11.436922,50,753.484835
-8.479013,50,757.372344
-29.384186,50,761.094055
-10.215062,50,764.655762
-9.255239,50,767.905047
-6.627218,50,771.408442
-40.649801,50,774.690552
-9.179346,50,778.013348
-6.53042,50,781.245202
-1.347037,10,781.917801
-2.115468,12,782.773385
-8.915805,50,786.051679
-11.338692,50,789.588721
-23.038549,50,794.018586
-9.546521,50,798.479297
-14.525438,50,802.919181
-10.098369,50,806.552629
-11.275182,50,809.804887
-8.018567,50,813.086737
-9.410588,50,816.673956
-13.048253,50,819.885376
-0.640381,7,820.379957
-13.486887,50,823.613761
-0.541035,6,824.013845
-7.652641,50,827.26962
-11.729314,50,830.56243
-15.52235,50,834.321668
-13.137388,50,837.777404
-13.325036,50,841.161072
-15.017678,50,844.607121
-7.632535,50,848.680905
-10.613622,50,851.995275
-11.891316,50,855.290528
-23.854464,50,858.656414
-14.533725,50,861.962297
-14.184889,50,865.298471
-14.615018,50,868.584787
-18.228371,50,871.852285
-14.730589,50,875.145922
-21.708301,50,878.443861
-14.292756,50,881.68383
-12.176722,50,884.944035
-10.746012,50,888.681345
-18.016876,50,891.893105
-11.362858,50,895.170616
-1.230503,11,895.903951
-11.222205,50,899.170655
-9.001862,50,902.5213
-16.627633,50,905.815227
-15.173456,50,909.093443
-9.462043,50,912.411998
-14.116031,50,915.673471
-11.148839,50,918.956385
-8.683514,50,922.213291
-11.747115,50,925.502182
-10.37823,50,928.801775
-10.16145,50,932.051789
-6.807783,50,935.302883
-7.518053,50,938.589239
-9.370654,50,941.802735
-14.990647,50,945.091199
-8.869571,50,948.364869
-9.299431,50,951.613126
-12.999043,50,955.109389
-20.229245,50,958.362826
-13.964759,50,961.620802
-8.091586,50,964.892211
-10.425033,50,968.607725
-15.168248,50,972.219466
-21.387509,50,975.813585
-13.627771,50,979.33773
-9.390838,50,982.666731
-16.871677,50,985.900931
-8.720625,50,989.242391
-13.567482,50,992.491885
-16.312679,50,995.771453
-10.31978,50,999.063243
-6.338633,50,1002.499954
-14.496104,50,1006.366686
-16.370648,50,1009.595535
-9.687664,50,1013.417516
-9.466924,50,1016.634921
-6.373135,50,1020.40018
-14.97799,50,1023.69194
-11.347431,50,1027.326044
-15.714019,50,1030.820507
-9.438063,50,1034.32758
-10.010702,50,1037.589447
-8.926269,50,1040.808055
-20.628211,50,1044.325454
-13.094711,50,1048.143235
-12.585907,50,1052.141418
-9.53984,50,1055.422093
-9.964635,50,1058.72294
-12.032969,50,1062.021361
-10.108869,50,1065.338293
-14.434562,50,1068.580745
-8.232662,50,1072.709575
-15.536467,50,1077.467853
-13.587486,50,1081.966796
-11.335287,50,1086.519733
-11.135999,50,1090.925086
-22.929778,50,1095.363112
-11.100762,50,1099.798185
-11.489714,50,1104.21335
-9.143039,50,1108.671656
-14.281176,50,1113.169252
-15.073986,50,1117.813026
-15.02373,50,1122.246323
-10.418329,50,1126.702094
-9.551062,50,1131.338852
-16.044392,50,1135.567804
-13.688406,50,1138.830266
-13.750267,50,1142.073921
-12.695128,50,1145.272991
-9.70831,50,1148.638903
-9.853075,50,1152.287187
-7.690275,50,1156.058358
-9.521931,50,1159.30865
-12.526303,50,1162.619077
-19.37291,50,1165.935036
-8.538183,50,1169.26597
-13.637691,50,1373.523494
-12.945447,50,1377.127129
-9.103184,50,1380.825947
-13.889332,50,1384.099918
-9.388769,50,1387.615082
-14.419277,50,1391.569532
-4.395945,35,1393.879108
-10.972762,50,1397.159061
-8.220085,50,1401.058759
-12.213576,50,1404.341391
-7.570093,50,1407.748475
-12.347839,50,1411.001405
-10.030283,50,1414.541851
-10.31489,50,1417.78969
-18.490424,50,1421.024871
-8.88576,50,1424.309105
-7.872515,50,1427.572594
-14.841024,50,1430.941528
-10.600784,50,1434.408256
-9.753482,50,1437.958792
-6.43917,50,1441.222048
-12.882132,50,1444.473345
-11.733974,50,1447.98018
-12.715038,50,1451.356201
-13.966651,50,1454.94682
-8.71188,50,1458.815997
-7.86788,50,1462.085846
-13.538863,50,1465.411084
-18.904292,50,1468.97765
-5.294076,50,1472.215388
-20.167481,50,1475.47028
-10.364591,50,1478.993073
-17.774417,50,1482.984415
-21.396176,50,1486.246362
-11.571081,50,1489.551855
-13.856444,50,1492.806911
-7.824272,50,1496.001279
-7.771527,50,1499.206107
-8.201045,50,1502.44646
-11.692448,50,1505.730479
-15.301343,50,1509.538515
-12.686668,50,1512.764631
-8.621336,50,1516.030966
-7.838631,50,1519.223362
-7.833716,50,1522.573146
-10.422923,50,1525.851838
-12.534525,50,1529.131484
-25.48938,50,1532.419454
-11.315146,50,1535.737343
-5.73625,50,1539.592305
-18.675047,50,1542.990602
-14.130671,50,1546.341018
-11.722062,50,1549.760994
-8.049604,50,1552.992238
-10.585638,50,1556.21144
-16.306993,50,1560.599263
-7.033578,50,1563.773839
-7.664555,50,1567.07278
-12.517378,50,1570.258927
-12.486431,50,1573.457926
-11.177327,50,1576.693203
-22.108888,50,1579.887882
-17.88808,50,1583.102922
-16.270069,50,1586.292556
-12.187003,50,1589.598578
-10.651501,50,1593.58467
-12.888071,50,1597.681176
-17.134745,50,1600.960482
-12.651679,50,1604.26993
-13.577482,50,1608.16843
-7.773754,50,1611.434064
-17.913893,50,1614.691173
-15.136201,50,1617.89264
-7.958895,50,1622.825373
-7.246795,50,1626.492968
-9.475946,50,1629.77561
-10.860445,50,1632.994744
-8.244925,50,1636.212536
-10.134137,50,1639.475535
-22.829446,50,1643.204637
-8.48539,50,1646.498966
-7.183907,50,1649.789729
-14.156584,50,1653.048432
-15.682893,50,1656.347004
-8.013035,50,1659.579839
-12.910437,50,1662.862135
-8.805432,50,1666.072423
-8.888132,50,1669.357379
-10.323167,50,1672.630495
-11.206525,50,1675.907217
-14.069219,50,1679.142696
-20.176665,50,1683.080456
-4.37505,50,1686.339065
-7.351055,50,1690.204574
-16.762876,50,1694.612032
-11.645007,50,1698.207802
-12.012401,50,1701.509443
-7.633786,50,1704.820552
-8.3661,50,1709.102908
-9.820229,50,1712.7688
-15.635843,50,1716.324213
-18.952821,50,1719.618651
-7.516103,50,1722.981524
-10.32198,50,1726.406911
-16.960734,50,1729.661365
-15.358633,50,1733.094818
-15.990742,50,1736.438784
-8.55498,50,1739.738807
-16.705404,50,1743.396264
-18.770224,50,1747.399408
-6.361704,50,1750.685336
-19.322752,50,1753.923379
-8.283185,50,1757.197628
-8.812194,50,1760.426192
-11.000977,50,1763.718644
-9.932888,50,1767.115005
-9.55295,50,1770.542404
-7.311816,50,1773.925822
-10.688693,50,1777.207579
-11.812916,50,1780.42553
-16.897264,50,1783.633292
-0.573314,8,1784.189929
-6.157558,50,1787.52262
-15.608098,50,1790.761814
-9.936176,50,1794.12422
-9.250534,50,1797.466241
-0.802454,8,1797.997533
-8.986322,50,1801.51827
-6.946823,50,1805.270343
-9.102572,50,1808.621808
-8.583479,50,1811.916684
-18.470707,50,1815.172458
-16.570439,50,1818.783856
-18.176882,50,1822.088883
-13.373369,50,1825.368546
-9.235459,50,1828.689577
-11.399076,50,1831.999611
-39.972867,50,1835.381996
-11.033443,50,1838.604576
-13.765033,50,1841.847567
-10.39283,50,1845.287249
-6.775866,50,1848.816302
-11.27198,50,1852.134643
-6.626842,50,1855.439555
-14.013753,50,1858.720729
-12.462908,50,1862.08778
-12.136634,50,1865.44848
-12.14247,50,1868.997766
-9.358909,50,1872.262864
-19.989818,50,1875.693686
-17.739387,50,1879.112089
-10.762303,50,1882.397677
-9.833346,50,1885.704135
-18.277996,50,1888.959858
-36.044454,50,1892.232479
-10.920749,50,1895.824408
-8.907431,50,1899.122637
-14.527934,50,1902.511397
-21.665442,50,1905.796736
-7.15685,50,1909.127491
-14.277378,50,1912.523053
-9.657032,50,1915.844848
-8.179363,50,1919.75966
-15.95394,50,1923.363994
-15.848931,50,1927.310511
-9.584036,50,1930.618511
-10.980982,50,1934.280869
-10.792675,50,1937.993004
-13.367929,50,1941.246568
-6.477386,50,1944.48342
-7.012938,50,1947.693595
-9.598594,50,1950.95107
-7.023559,46,1954.074204
-10.042703,50,1957.339519
-6.590624,50,1960.589622
-12.422401,50,1963.831909
-17.271823,50,1967.045434
-8.050557,50,1970.410269
-7.814751,50,1976.347424
-10.179797,50,1979.700285
-7.222892,50,1983.807164
-11.599816,50,1987.073632
-16.326013,50,1990.304201
-9.557808,50,1993.755129
-17.643822,50,1997.085999
-6.924737,50,2000.698643
-9.499077,50,2003.890218
-8.364715,50,2007.245134
-12.311621,50,2010.489435
-21.796764,50,2013.884115
-32.473374,50,2017.417341
-10.923809,50,2020.936687
-8.766654,50,2024.183054
-12.711845,50,2027.51041
-12.835019,50,2031.338663
-24.071023,50,2035.784411
-10.238925,50,2040.234924
-19.460864,50,2044.631377
-16.054893,50,2049.054098
-6.081759,50,2053.517276
-9.665525,50,2057.968937
-19.486585,50,2062.096558
-16.505525,50,2065.309257
-22.516006,50,2068.535043
-16.335442,50,2072.236973
-16.328027,50,2075.784543
-13.755583,50,2079.028026
-19.397261,50,2082.283996
-7.01977,50,2085.732556
-8.786649,50,2088.954803
-10.39579,50,2092.450149
-9.104688,50,2095.730408
-8.792217,50,2099.088876
-7.822619,50,2102.513316
-8.616738,50,2105.911761
-15.56158,50,2109.661572
-17.677449,50,2113.167032
-11.757075,50,2116.676093
-8.705983,50,2120.08865
-12.102427,50,2123.439959
-19.141384,50,2126.65698
-13.516763,50,2129.909548
-8.733017,50,2133.177066
-34.526183,50,2136.618079
-6.73984,50,2140.202193
-15.938414,50,2143.464491
-16.198753,50,2146.68824
-10.637567,50,2150.074582
-14.253634,50,2153.337643
-8.907329,50,2156.702055
-15.866564,50,2159.968609
-17.814374,50,2163.205241
-11.149878,50,2166.471649
-12.077287,50,2169.769068
-13.925312,50,2173.025172
-16.967174,50,2176.533986
-14.145539,50,2179.774406
-9.559542,50,2183.064867
-6.603422,50,2186.314385
-7.973992,50,2189.575223
-9.571596,50,2192.8528
-8.313744,50,2196.094488
-1.436234,15,2197.104191
-15.699103,50,2200.347156
-8.614295,50,2204.650074
-7.600959,50,2207.98943
-11.033564,50,2211.189059
-9.32846,50,2214.427557
-7.231421,50,2217.66443
-12.86928,50,2220.843553
-16.826419,50,2224.092757
-10.490428,50,2227.443337
-6.325489,50,2230.861918
-21.167818,50,2234.263047
-14.444732,50,2237.452868
-7.532966,50,2240.903867
-1.702603,19,2242.159174
-6.532762,50,2245.387684
-20.119739,50,2248.934615
-7.694418,50,2252.507059
-7.617248,50,2255.709965
-8.19328,50,2258.978371
-10.106271,50,2262.248879
-12.233041,50,2265.53268
-5.940064,50,2268.755649
-14.225671,50,2272.108608
-8.860017,50,2275.388555
-15.770804,50,2278.636949
-8.740154,50,2281.896797
-8.598407,50,2285.133458
-10.40793,50,2288.403873
-13.269228,50,2291.638077
-11.173704,50,2294.909647
-13.694566,50,2298.174063
-10.450627,50,2301.449323
-16.11631,50,2305.134131
-14.054173,50,2308.385452
-10.099853,50,2311.626832
-12.639071,50,2314.844733
-10.757104,50,2318.134607
-14.226541,50,2321.4343
-9.656924,50,2324.665929
-9.392071,50,2328.113487
-7.79605,50,2332.803511
-12.620615,50,2336.454967
-13.167134,50,2340.371383
-7.880206,50,2343.99048
-16.48216,50,2347.187154
-8.777563,50,2350.430533
-12.034882,50,2353.720152
-7.921048,50,2357.004145
-8.046817,50,2360.232594
-7.2299,50,2363.878815
-12.494509,50,2367.274394
-8.761604,50,2370.699555
-9.218834,50,2373.938883
-16.245699,50,2377.321251
-8.25044,50,2381.535045
-8.024997,50,2384.831651
-1.660382,20,2386.111663
-18.107212,50,2389.316064
-9.497671,50,2392.553142
-17.745232,50,2395.799239
-19.707043,50,2399.066763
-4.476907,36,2401.402576
-10.671355,50,2404.644148
-9.490405,50,2408.066392
-16.214089,50,2411.600194
-22.284508,50,2415.166507
-15.198317,50,2418.385387
-8.559312,50,2421.846837
-19.246287,50,2425.482717
-14.153187,50,2428.744679
-23.53095,50,2432.244053
-7.78204,50,2435.488417
-16.562026,50,2438.737971
-6.940956,50,2442.086442
-12.969684,50,2445.446164
-13.898922,50,2448.729168
-13.435432,50,2452.099764
-13.151878,50,2455.43441
-15.460421,50,2459.204311
-10.453992,50,2462.579143
-9.930918,50,2465.894794
-9.414332,50,2469.164438
-11.289898,50,2472.390073
-12.810981,50,2475.596257
-15.714971,50,2478.85436
-6.034416,50,2482.10998
-12.496713,50,2485.41624
-20.181231,50,2488.708601
-10.578137,50,2491.934523
-16.762935,50,2495.440049
-8.800598,50,2498.714933
-10.751262,50,2502.029106
-15.829188,50,2505.326108
-20.370304,50,2508.576592
-12.086557,50,2511.83029
-31.749838,50,2515.093319
-12.055509,50,2518.404245
-14.614711,50,2521.974185
-7.596513,50,2525.218887
-12.859025,50,2528.477741
-17.816014,50,2733.249555
-8.701761,50,2736.677147
-36.823089,50,2739.974937
-15.183439,50,2744.181056
-7.72357,50,2747.589901
-17.513537,50,2750.982158
-15.1759,50,2754.399293
-18.266303,50,2757.737817
-11.533131,50,2761.412416
-16.172622,50,2764.634884
-12.195906,50,2767.888406
-29.683864,50,2771.172805
-12.140215,50,2774.421628
-12.562274,50,2777.696112
-8.852556,50,2780.963785
-12.639678,50,2784.357265
-8.265516,50,2787.91892
-7.338374,50,2791.203278
-9.83241,50,2794.535213
-17.705673,50,2798.074496
-11.657344,50,2801.349975
-7.905084,50,2805.108017
-15.495055,50,2808.343003
-9.518689,50,2811.591181
-10.677455,50,2814.876797
-8.512807,50,2818.14238
-11.518043,50,2821.370847
-11.932266,50,2824.846484
-18.161232,50,2828.395322
-11.720203,50,2831.656658
-6.743646,50,2834.924112
-9.864753,50,2838.191011
-7.994885,50,2841.44034
-12.28079,50,2844.717577
-9.909736,50,2848.361062
-8.660773,50,2851.622863
-7.633124,50,2854.913492
-9.01673,50,2858.264331
-4.457999,42,2861.302075
-26.345346,50,2864.541502
-11.385345,50,2867.943064
-13.764786,50,2871.43433
-10.03267,50,2875.199254
-7.338938,50,2878.953092
-10.570972,50,2882.23945
-11.367177,50,2885.710099
-10.966242,50,2888.99528
-9.361555,50,2892.283804
-9.37911,50,2895.568657
-12.501931,50,2898.832862
-11.398422,50,2902.539244
-13.663713,50,2905.851099
-12.970389,50,2909.243278
-8.930053,50,2912.549433
-10.152901,50,2916.2036
-9.750621,50,2919.506377
-11.517826,50,2922.800486
-7.61578,50,2926.069882
-13.118923,50,2929.383455
-13.429915,50,2932.788413
-7.097452,50,2936.245598
-4.230616,35,2938.571509
-12.523677,50,2941.825785
-10.183169,50,2945.07936
-20.293454,50,2948.341748
-9.949708,50,2952.07112
-11.816691,50,2955.350193
-12.070694,50,2958.623161
-10.718254,50,2962.093979
-9.447722,50,2965.3642
-8.637261,50,2968.641442
-25.175182,50,2971.860744
-11.249025,50,2975.417088
-19.552121,50,2978.682221
-13.050221,50,2981.973425
-12.911178,50,2985.215263
-8.29548,50,2988.547521
-6.892986,50,2991.83559
-8.225406,50,2995.101955
-9.432867,50,2998.354072
-15.617754,50,3001.691162
-8.505593,50,3005.196296
-14.141901,50,3008.550252
-8.577736,50,3011.963288
-14.259865,50,3015.28126
-19.952527,50,3018.47315
-11.953912,50,3021.762454
-14.72044,50,3025.00236
-11.623967,50,3028.249586
-8.622958,50,3031.599776
-7.659759,50,3034.843286
-19.947652,50,3038.063705
-8.343465,50,3041.38888
-16.990595,50,3044.638712
-10.548993,50,3047.915599
-12.781658,50,3051.158406
-27.264378,50,3054.517817
-12.178337,50,3057.759473
-12.11914,50,3062.015232
-12.906284,50,3065.295738
-24.249667,50,3068.560715
-31.84095,50,3071.850698
-7.292914,50,3075.095753
-5.345991,50,3078.352388
-8.279404,50,3081.610145
-7.532227,50,3084.847981
-16.878943,50,3088.14167
-6.225208,50,3092.245456
-7.822795,50,3095.503847
-8.990785,50,3098.755618
-14.070854,50,3102.222104
-13.277562,50,3105.469705
-9.217792,50,3108.761656
-12.878736,50,3112.026443
-10.945212,50,3115.297984
-16.845861,50,3118.627867
-9.487866,50,3122.15389
-14.17526,50,3125.548167
-0.465237,5,3125.894212
-13.313891,50,3129.293149
-9.385593,50,3132.708468
-14.701204,50,3135.972821
-15.705643,50,3139.647117
-13.959721,50,3143.281847
-17.008211,50,3146.506311
-8.035419,50,3149.954378
-5.908938,50,3153.356823
-20.292256,50,3156.69204
-9.979092,50,3160.187724
-6.953832,50,3164.034669
-10.171563,50,3167.691722
-10.411793,50,3170.9612
-6.795587,50,3174.226646
-10.496812,50,3177.546491
-11.65528,50,3180.970165
-13.026889,50,3184.211483
-16.171201,50,3187.45012
-18.611661,50,3190.672806
-8.784652,50,3194.279661
-7.592451,50,3197.509619
-11.746403,50,3200.739667
-14.180515,50,3204.009417
-8.035628,50,3207.537322
-6.322304,50,3210.839159
-8.604597,50,3214.381271
-7.951875,50,3217.984737
-9.58978,50,3221.248266
-14.679003,50,3224.624399
-19.13368,50,3227.942995
-17.96295,50,3231.219378
-7.575834,50,3235.189643
-6.420812,50,3238.467249
-8.306685,50,3241.871475
-12.419191,50,3245.669209
-12.391473,50,3249.090941
-12.363308,50,3252.317485
-14.537239,50,3255.821279
-18.616342,50,3259.17357
-11.414111,50,3263.015339
-8.19547,50,3266.339923
-15.042992,50,3269.677875
-8.836389,50,3272.904362
-30.980639,50,3276.143925
-23.206334,50,3280.052593
-9.666991,50,3283.326421
-9.8494,50,3286.89373
-17.706858,50,3290.134731
-11.263074,50,3293.818907
-18.972161,50,3297.607705
-7.958848,50,3300.852814
-13.62535,50,3304.420135
-8.249218,50,3307.926647
-1.226168,11,3308.648208
-13.988116,50,3312.214796
-14.620744,50,3316.059251
-6.387356,50,3319.374834
-7.326154,50,3323.298456
-13.737928,50,3326.565098
-10.351903,50,3329.845575
-12.972662,50,3333.536836
-9.977532,50,3337.038347
-7.393437,50,3340.250949
-9.073553,50,3343.57619
-7.692559,50,3346.825216
-15.547678,50,3350.202795
-18.635505,50,3353.514499
-9.989834,50,3356.845611
-13.586551,50,3360.189853
-7.122733,50,3363.762023
-8.459858,50,3367.096113
-11.393441,50,3370.717879
-8.441961,50,3373.988688
-5.645371,50,3377.313083
-11.698765,50,3380.51359
-14.296178,50,3383.780313
-1.765885,14,3384.712875
-9.104346,50,3387.977315
-24.25614,50,3391.274322
-9.903294,50,3395.362485
-12.857572,50,3398.65284
-9.138173,50,3402.341828
-0.61087,6,3402.749603
-17.133735,50,3406.042991
-1.644537,15,3407.023546
-12.34747,50,3410.317301
-14.039904,50,3413.612065
-13.019123,50,3416.916212
-10.189454,50,3420.245464
-9.535854,50,3423.65769
-7.391436,50,3426.865267
-17.127454,50,3430.084578
-6.825012,50,3433.384165
-9.148097,50,3436.65993
-9.757731,50,3439.918358
-5.359586,50,3443.141622
-14.886093,50,3446.365899
-12.033652,50,3449.687235
-11.294496,50,3453.04909
-9.468981,50,3456.579823
-13.525145,50,3460.410443
-9.176648,50,3463.794291
-9.597928,50,3467.087315
-8.906837,50,3470.483838
-12.624892,50,3473.794703
-25.425601,50,3477.651879
-11.443499,50,3480.945895
-6.815107,50,3484.254575
-13.512237,50,3488.073495
-20.316107,50,3491.454158
-14.720736,50,3495.182961
-14.843148,50,3498.459951
-11.381157,50,3501.987578
-6.295411,50,3505.317802
-6.902327,50,3508.5836
-14.454545,50,3511.842387
-10.522745,50,3515.167458
-9.741909,50,3518.481538
-17.727773,50,3521.765085
-10.368704,50,3525.090946
-7.562841,50,3528.370846
-8.320359,50,3531.661409
-10.618611,50,3534.942711
-1.239093,10,3535.625709
-11.561317,50,3538.889389
-16.754453,50,3542.573605
-16.110029,50,3545.928125
-8.912526,50,3549.229028
-13.829126,50,3552.514566
-0.743679,8,3553.075301
-9.774642,50,3556.379382
-9.037835,50,3559.762528
-15.834196,50,3563.749399
-7.615397,50,3567.179649
-8.086899,50,3570.451556
-7.191062,50,3573.735469
-8.796706,50,3576.995991
-7.896353,50,3580.271195
-8.76092,50,3583.596356
-10.909205,50,3589.380991
-8.3011,50,3592.780116
-10.020159,50,3596.09176
-10.381145,50,3599.402247
-6.59539,50,3602.696343
-14.019729,50,3605.989109
-8.461495,50,3609.251679
-10.461076,50,3613.056679
-10.157595,50,3616.967481
-13.694828,50,3620.359803
-6.825918,50,3623.747938
-14.617473,50,3627.360622
-6.92193,50,3630.650145
-8.990916,50,3634.116675
-12.580103,50,3637.425588
-16.242026,50,3640.650683
-9.242227,50,3644.045037
-36.162271,50,3647.554854
-15.64874,50,3651.019362
-12.281635,50,3654.419831
-7.236132,50,3658.002066
-9.744108,50,3661.254143
-13.896721,50,3664.526247
-11.80939,50,3667.796887
-11.015137,50,3671.082513
-7.395994,50,3674.656757
-8.741084,50,3678.528965
-5.694204,50,3681.918737
-9.49691,50,3685.258669
-16.587021,50,3688.495343
-12.637994,50,3691.968953
-6.41463,50,3695.307019
-6.199997,50,3698.763997
-7.648497,50,3702.573797
-23.076032,50,3706.079178
-6.994658,50,3709.473117
-11.307225,50,3712.832496
-12.935677,50,3716.491817
-9.716326,50,3719.765436
-15.866438,50,3723.008265
-7.769972,50,3726.577905
-13.051671,50,3729.87373
-9.422734,50,3733.157926
-9.496624,50,3736.455501
-10.731619,50,3740.006426
-12.003954,50,3743.261947
-8.671897,50,3746.958227
-18.411424,50,3750.223511
-8.658289,50,3753.479486
-17.600462,50,3756.793964
-8.345279,50,3760.112514
-10.65701,50,3763.398529
-10.37604,50,3766.658637
-7.211987,50,3769.907906
-9.93703,50,3773.20438
-9.040112,50,3776.47703
-18.590618,50,3779.698924
-16.53513,50,3782.909805
-11.869914,50,3786.195145
-9.946103,50,3789.480006
-11.310731,50,3792.693174
-20.130156,50,3795.908221
-16.838699,50,3799.55831
-5.590537,50,3802.925811
-14.973307,50,3806.736121
-9.250346,50,3809.997571
-11.575132,50,3813.335526
-8.701201,50,3816.572908
-5.666018,50,3819.8362
-10.403703,50,3823.441862
-10.889068,50,3827.067015
-5.921359,50,3830.383381
-10.531321,50,3833.810842
-16.817029,50,3837.174544
-13.456895,50,3840.625514
-6.580456,50,3844.180948
-10.937475,50,3847.502989
-11.233021,50,3850.811815
-31.397516,50,3854.553378
-13.020737,50,3857.801
-15.45155,50,3861.060799
-11.004974,50,3864.343983
-15.057237,50,3867.605298
-6.93254,50,3870.886139
-6.102271,50,3874.134
-20.413932,50,3877.735899
-11.181095,50,3880.995607
